{
  "timestamp": 1754571739.597235,
  "results": {
    "SmallTown": {
      "city_name": "SmallTown",
      "total_nodes": 10,
      "jobs_processed": 34150,
      "duration": 30.048847436904907,
      "avg_response_time": 0.0008752321254456549,
      "throughput": 1136.4828575108077
    },
    "MediumCity": {
      "city_name": "MediumCity",
      "total_nodes": 10,
      "jobs_processed": 36318,
      "duration": 30.004042625427246,
      "avg_response_time": 0.0008223260694338142,
      "throughput": 1210.4368885685399
    },
    "Metropolis": {
      "city_name": "Metropolis",
      "total_nodes": 10,
      "jobs_processed": 13948,
      "duration": 30.148136615753174,
      "avg_response_time": 0.0021576723294850233,
      "throughput": 462.64882562300096
    }
  }
}